id,label
035001.png,5
035002.png,0
035003.png,0
035004.png,5
035005.png,5
035006.png,0
035007.png,3
035008.png,7
035009.png,7
035010.png,7
035011.png,1
035012.png,4
035013.png,5
035014.png,1
035015.png,4
035016.png,1
035017.png,3
035018.png,4
035019.png,1
035020.png,6
035021.png,0
035022.png,0
035023.png,5
035024.png,8
035025.png,4
035026.png,4
035027.png,3
035028.png,5
035029.png,8
035030.png,3
035031.png,5
035032.png,0
035033.png,1
035034.png,1
035035.png,3
035036.png,7
035037.png,2
035038.png,6
035039.png,6
035040.png,0
035041.png,3
035042.png,6
035043.png,0
035044.png,0
035045.png,3
035046.png,5
035047.png,7
035048.png,3
035049.png,0
035050.png,1
035051.png,0
035052.png,3
035053.png,7
035054.png,1
035055.png,1
035056.png,7
035057.png,7
035058.png,7
035059.png,4
035060.png,1
035061.png,6
035062.png,4
035063.png,0
035064.png,1
035065.png,3
035066.png,3
035067.png,4
035068.png,2
035069.png,5
035070.png,1
035071.png,3
035072.png,1
035073.png,7
035074.png,6
035075.png,6
035076.png,3
035077.png,0
035078.png,0
035079.png,7
035080.png,4
035081.png,7
035082.png,3
035083.png,8
035084.png,3
035085.png,1
035086.png,7
035087.png,5
035088.png,4
035089.png,7
035090.png,2
035091.png,4
035092.png,8
035093.png,4
035094.png,3
035095.png,6
035096.png,8
035097.png,1
035098.png,1
035099.png,0
035100.png,2
035101.png,0
035102.png,5
035103.png,5
035104.png,8
035105.png,7
035106.png,2
035107.png,5
035108.png,3
035109.png,1
035110.png,2
035111.png,2
035112.png,3
035113.png,5
035114.png,0
035115.png,6
035116.png,2
035117.png,0
035118.png,1
035119.png,2
035120.png,4
035121.png,4
035122.png,8
035123.png,5
035124.png,0
035125.png,5
035126.png,0
035127.png,0
035128.png,3
035129.png,3
035130.png,1
035131.png,8
035132.png,2
035133.png,7
035134.png,7
035135.png,6
035136.png,4
035137.png,6
035138.png,6
035139.png,7
035140.png,2
035141.png,0
035142.png,4
035143.png,6
035144.png,8
035145.png,3
035146.png,2
035147.png,7
035148.png,2
035149.png,2
035150.png,0
035151.png,4
035152.png,5
035153.png,4
035154.png,0
035155.png,5
035156.png,6
035157.png,3
035158.png,1
035159.png,4
035160.png,4
035161.png,3
035162.png,1
035163.png,1
035164.png,5
035165.png,3
035166.png,1
035167.png,7
035168.png,2
035169.png,1
035170.png,5
035171.png,8
035172.png,0
035173.png,3
035174.png,8
035175.png,2
035176.png,6
035177.png,8
035178.png,6
035179.png,6
035180.png,7
035181.png,3
035182.png,0
035183.png,8
035184.png,8
035185.png,7
035186.png,5
035187.png,6
035188.png,2
035189.png,2
035190.png,3
035191.png,7
035192.png,4
035193.png,6
035194.png,8
035195.png,3
035196.png,1
035197.png,5
035198.png,3
035199.png,6
035200.png,4
035201.png,5
035202.png,0
035203.png,3
035204.png,4
035205.png,1
035206.png,8
035207.png,6
035208.png,1
035209.png,1
035210.png,5
035211.png,0
035212.png,8
035213.png,1
035214.png,1
035215.png,0
035216.png,2
035217.png,4
035218.png,4
035219.png,1
035220.png,0
035221.png,5
035222.png,8
035223.png,7
035224.png,2
035225.png,8
035226.png,5
035227.png,0
035228.png,1
035229.png,4
035230.png,6
035231.png,7
035232.png,2
035233.png,3
035234.png,8
035235.png,7
035236.png,4
035237.png,0
035238.png,7
035239.png,6
035240.png,1
035241.png,6
035242.png,5
035243.png,1
035244.png,7
035245.png,4
035246.png,3
035247.png,7
035248.png,8
035249.png,2
035250.png,8
035251.png,1
035252.png,6
035253.png,3
035254.png,8
035255.png,8
035256.png,5
035257.png,2
035258.png,3
035259.png,6
035260.png,2
035261.png,3
035262.png,1
035263.png,7
035264.png,2
035265.png,7
035266.png,4
035267.png,1
035268.png,7
035269.png,7
035270.png,3
035271.png,8
035272.png,1
035273.png,1
035274.png,6
035275.png,4
035276.png,6
035277.png,5
035278.png,2
035279.png,3
035280.png,4
035281.png,2
035282.png,2
035283.png,8
035284.png,0
035285.png,4
035286.png,1
035287.png,2
035288.png,5
035289.png,0
035290.png,6
035291.png,8
035292.png,1
035293.png,8
035294.png,8
035295.png,5
035296.png,2
035297.png,1
035298.png,7
035299.png,6
035300.png,5
035301.png,2
035302.png,6
035303.png,4
035304.png,2
035305.png,6
035306.png,1
035307.png,5
035308.png,1
035309.png,4
035310.png,0
035311.png,5
035312.png,5
035313.png,7
035314.png,1
035315.png,6
035316.png,2
035317.png,4
035318.png,3
035319.png,1
035320.png,5
035321.png,2
035322.png,0
035323.png,4
035324.png,8
035325.png,2
035326.png,8
035327.png,3
035328.png,2
035329.png,4
035330.png,4
035331.png,8
035332.png,0
035333.png,0
035334.png,7
035335.png,7
035336.png,3
035337.png,8
035338.png,7
035339.png,3
035340.png,7
035341.png,8
035342.png,1
035343.png,2
035344.png,3
035345.png,2
035346.png,6
035347.png,3
035348.png,8
035349.png,3
035350.png,2
035351.png,1
035352.png,5
035353.png,1
035354.png,2
035355.png,2
035356.png,5
035357.png,7
035358.png,0
035359.png,1
035360.png,2
035361.png,2
035362.png,0
035363.png,1
035364.png,7
035365.png,1
035366.png,1
035367.png,8
035368.png,4
035369.png,2
035370.png,0
035371.png,0
035372.png,5
035373.png,0
035374.png,6
035375.png,3
035376.png,5
035377.png,3
035378.png,2
035379.png,7
035380.png,2
035381.png,0
035382.png,7
035383.png,0
035384.png,7
035385.png,3
035386.png,3
035387.png,6
035388.png,5
035389.png,1
035390.png,7
035391.png,3
035392.png,4
035393.png,5
035394.png,5
035395.png,8
035396.png,3
035397.png,2
035398.png,7
035399.png,3
035400.png,3
035401.png,4
035402.png,6
035403.png,0
035404.png,2
035405.png,4
035406.png,0
035407.png,6
035408.png,4
035409.png,5
035410.png,4
035411.png,8
035412.png,4
035413.png,4
035414.png,6
035415.png,7
035416.png,5
035417.png,1
035418.png,2
035419.png,2
035420.png,5
035421.png,6
035422.png,4
035423.png,2
035424.png,1
035425.png,3
035426.png,6
035427.png,8
035428.png,2
035429.png,6
035430.png,4
035431.png,6
035432.png,2
035433.png,0
035434.png,4
035435.png,0
035436.png,8
035437.png,5
035438.png,1
035439.png,1
035440.png,0
035441.png,3
035442.png,1
035443.png,6
035444.png,5
035445.png,2
035446.png,7
035447.png,6
035448.png,1
035449.png,1
035450.png,1
035451.png,8
035452.png,6
035453.png,3
035454.png,3
035455.png,8
035456.png,2
035457.png,0
035458.png,4
035459.png,2
035460.png,8
035461.png,8
035462.png,7
035463.png,2
035464.png,0
035465.png,7
035466.png,2
035467.png,1
035468.png,0
035469.png,7
035470.png,4
035471.png,0
035472.png,3
035473.png,7
035474.png,3
035475.png,2
035476.png,2
035477.png,5
035478.png,8
035479.png,4
035480.png,5
035481.png,4
035482.png,4
035483.png,2
035484.png,1
035485.png,3
035486.png,1
035487.png,6
035488.png,4
035489.png,2
035490.png,7
035491.png,2
035492.png,2
035493.png,8
035494.png,6
035495.png,6
035496.png,6
035497.png,6
035498.png,1
035499.png,4
035500.png,2
035501.png,0
035502.png,0
035503.png,4
035504.png,7
035505.png,8
035506.png,5
035507.png,6
035508.png,5
035509.png,8
035510.png,2
035511.png,1
035512.png,1
035513.png,8
035514.png,6
035515.png,3
035516.png,8
035517.png,5
035518.png,2
035519.png,0
035520.png,7
035521.png,1
035522.png,5
035523.png,0
035524.png,1
035525.png,0
035526.png,5
035527.png,1
035528.png,1
035529.png,7
035530.png,3
035531.png,8
035532.png,0
035533.png,6
035534.png,2
035535.png,4
035536.png,5
035537.png,2
035538.png,5
035539.png,2
035540.png,7
035541.png,0
035542.png,5
035543.png,2
035544.png,2
035545.png,6
035546.png,5
035547.png,7
035548.png,3
035549.png,1
035550.png,3
035551.png,6
035552.png,6
035553.png,8
035554.png,5
035555.png,7
035556.png,3
035557.png,3
035558.png,8
035559.png,5
035560.png,6
035561.png,3
035562.png,0
035563.png,6
035564.png,6
035565.png,3
035566.png,4
035567.png,6
035568.png,8
035569.png,5
035570.png,4
035571.png,5
035572.png,0
035573.png,2
035574.png,0
035575.png,8
035576.png,1
035577.png,7
035578.png,2
035579.png,0
035580.png,2
035581.png,8
035582.png,5
035583.png,3
035584.png,5
035585.png,7
035586.png,8
035587.png,2
035588.png,5
035589.png,2
035590.png,0
035591.png,6
035592.png,2
035593.png,3
035594.png,4
035595.png,4
035596.png,8
035597.png,1
035598.png,4
035599.png,3
035600.png,2
035601.png,0
035602.png,5
035603.png,6
035604.png,1
035605.png,2
035606.png,7
035607.png,4
035608.png,4
035609.png,5
035610.png,5
035611.png,2
035612.png,8
035613.png,8
035614.png,0
035615.png,0
035616.png,4
035617.png,8
035618.png,2
035619.png,2
035620.png,3
035621.png,5
035622.png,3
035623.png,0
035624.png,2
035625.png,4
035626.png,3
035627.png,2
035628.png,0
035629.png,1
035630.png,1
035631.png,5
035632.png,2
035633.png,4
035634.png,6
035635.png,7
035636.png,1
035637.png,7
035638.png,4
035639.png,2
035640.png,7
035641.png,8
035642.png,3
035643.png,0
035644.png,7
035645.png,4
035646.png,6
035647.png,1
035648.png,2
035649.png,1
035650.png,7
035651.png,1
035652.png,7
035653.png,0
035654.png,2
035655.png,1
035656.png,7
035657.png,2
035658.png,0
035659.png,2
035660.png,8
035661.png,6
035662.png,3
035663.png,8
035664.png,4
035665.png,7
035666.png,3
035667.png,0
035668.png,1
035669.png,2
035670.png,6
035671.png,4
035672.png,8
035673.png,8
035674.png,4
035675.png,6
035676.png,4
035677.png,2
035678.png,2
035679.png,8
035680.png,7
035681.png,5
035682.png,4
035683.png,1
035684.png,1
035685.png,7
035686.png,2
035687.png,8
035688.png,4
035689.png,7
035690.png,5
035691.png,2
035692.png,2
035693.png,2
035694.png,5
035695.png,4
035696.png,7
035697.png,2
035698.png,6
035699.png,4
035700.png,1
035701.png,7
035702.png,3
035703.png,2
035704.png,2
035705.png,2
035706.png,4
035707.png,7
035708.png,6
035709.png,5
035710.png,2
035711.png,1
035712.png,0
035713.png,8
035714.png,6
035715.png,5
035716.png,0
035717.png,5
035718.png,4
035719.png,2
035720.png,2
035721.png,0
035722.png,7
035723.png,1
035724.png,4
035725.png,8
035726.png,6
035727.png,7
035728.png,5
035729.png,1
035730.png,2
035731.png,8
035732.png,0
035733.png,2
035734.png,0
035735.png,3
035736.png,6
035737.png,8
035738.png,2
035739.png,8
035740.png,1
035741.png,6
035742.png,4
035743.png,2
035744.png,5
035745.png,0
035746.png,3
035747.png,4
035748.png,6
035749.png,5
035750.png,1
035751.png,8
035752.png,2
035753.png,8
035754.png,7
035755.png,3
035756.png,8
035757.png,3
035758.png,5
035759.png,2
035760.png,1
035761.png,4
035762.png,3
035763.png,5
035764.png,8
035765.png,6
035766.png,2
035767.png,7
035768.png,5
035769.png,3
035770.png,3
035771.png,2
035772.png,3
035773.png,6
035774.png,3
035775.png,3
035776.png,8
035777.png,6
035778.png,2
035779.png,1
035780.png,7
035781.png,1
035782.png,1
035783.png,8
035784.png,6
035785.png,6
035786.png,3
035787.png,4
035788.png,8
035789.png,4
035790.png,8
035791.png,5
035792.png,2
035793.png,8
035794.png,5
035795.png,5
035796.png,3
035797.png,3
035798.png,2
035799.png,5
035800.png,0
035801.png,5
035802.png,8
035803.png,3
035804.png,5
035805.png,2
035806.png,6
035807.png,3
035808.png,3
035809.png,6
035810.png,8
035811.png,1
035812.png,6
035813.png,1
035814.png,7
035815.png,5
035816.png,1
035817.png,5
035818.png,0
035819.png,4
035820.png,7
035821.png,0
035822.png,8
035823.png,6
035824.png,6
035825.png,4
035826.png,6
035827.png,5
035828.png,6
035829.png,3
035830.png,0
035831.png,3
035832.png,1
035833.png,8
035834.png,4
035835.png,8
035836.png,6
035837.png,6
035838.png,1
035839.png,4
035840.png,7
035841.png,6
035842.png,7
035843.png,5
035844.png,7
035845.png,1
035846.png,7
035847.png,1
035848.png,8
035849.png,5
035850.png,3
035851.png,3
035852.png,1
035853.png,1
035854.png,7
035855.png,8
035856.png,3
035857.png,1
035858.png,5
035859.png,4
035860.png,6
035861.png,8
035862.png,7
035863.png,3
035864.png,8
035865.png,2
035866.png,0
035867.png,8
035868.png,8
035869.png,8
035870.png,5
035871.png,0
035872.png,6
035873.png,0
035874.png,4
035875.png,3
035876.png,3
035877.png,0
035878.png,5
035879.png,3
035880.png,5
035881.png,0
035882.png,1
035883.png,2
035884.png,3
035885.png,4
035886.png,1
035887.png,4
035888.png,8
035889.png,1
035890.png,2
035891.png,1
035892.png,2
035893.png,0
035894.png,8
035895.png,5
035896.png,3
035897.png,2
035898.png,3
035899.png,5
035900.png,7
035901.png,7
035902.png,6
035903.png,4
035904.png,7
035905.png,3
035906.png,5
035907.png,0
035908.png,3
035909.png,4
035910.png,8
035911.png,4
035912.png,6
035913.png,5
035914.png,3
035915.png,8
035916.png,7
035917.png,3
035918.png,5
035919.png,2
035920.png,8
035921.png,2
035922.png,5
035923.png,1
035924.png,8
035925.png,7
035926.png,0
035927.png,1
035928.png,0
035929.png,3
035930.png,8
035931.png,6
035932.png,5
035933.png,7
035934.png,3
035935.png,0
035936.png,6
035937.png,7
035938.png,0
035939.png,0
035940.png,2
035941.png,8
035942.png,8
035943.png,6
035944.png,5
035945.png,5
035946.png,7
035947.png,1
035948.png,6
035949.png,2
035950.png,7
035951.png,2
035952.png,0
035953.png,8
035954.png,5
035955.png,8
035956.png,6
035957.png,2
035958.png,3
035959.png,1
035960.png,8
035961.png,4
035962.png,6
035963.png,3
035964.png,8
035965.png,0
035966.png,4
035967.png,0
035968.png,0
035969.png,0
035970.png,2
035971.png,8
035972.png,5
035973.png,3
035974.png,2
035975.png,2
035976.png,2
035977.png,7
035978.png,7
035979.png,1
035980.png,3
035981.png,7
035982.png,2
035983.png,5
035984.png,8
035985.png,4
035986.png,8
035987.png,7
035988.png,7
035989.png,7
035990.png,7
035991.png,3
035992.png,8
035993.png,3
035994.png,1
035995.png,3
035996.png,2
035997.png,2
035998.png,4
035999.png,0
036000.png,4
036001.png,5
036002.png,0
036003.png,6
036004.png,4
036005.png,1
036006.png,7
036007.png,3
036008.png,4
036009.png,8
036010.png,6
036011.png,7
036012.png,6
036013.png,7
036014.png,4
036015.png,6
036016.png,3
036017.png,3
036018.png,3
036019.png,2
036020.png,2
036021.png,5
036022.png,3
036023.png,5
036024.png,4
036025.png,2
036026.png,4
036027.png,1
036028.png,5
036029.png,6
036030.png,8
036031.png,3
036032.png,6
036033.png,3
036034.png,8
036035.png,4
036036.png,0
036037.png,4
036038.png,7
036039.png,0
036040.png,7
036041.png,2
036042.png,5
036043.png,2
036044.png,1
036045.png,5
036046.png,2
036047.png,4
036048.png,5
036049.png,0
036050.png,5
036051.png,4
036052.png,2
036053.png,2
036054.png,3
036055.png,5
036056.png,3
036057.png,1
036058.png,8
036059.png,7
036060.png,7
036061.png,0
036062.png,8
036063.png,2
036064.png,2
036065.png,8
036066.png,3
036067.png,5
036068.png,0
036069.png,4
036070.png,8
036071.png,4
036072.png,1
036073.png,5
036074.png,3
036075.png,7
036076.png,2
036077.png,2
036078.png,4
036079.png,8
036080.png,2
036081.png,0
036082.png,8
036083.png,3
036084.png,7
036085.png,1
036086.png,0
036087.png,7
036088.png,5
036089.png,5
036090.png,3
036091.png,1
036092.png,1
036093.png,0
036094.png,4
036095.png,4
036096.png,0
036097.png,8
036098.png,8
036099.png,7
036100.png,5
036101.png,2
036102.png,8
036103.png,4
036104.png,1
036105.png,5
036106.png,2
036107.png,6
036108.png,4
036109.png,7
036110.png,2
036111.png,7
036112.png,1
036113.png,5
036114.png,3
036115.png,0
036116.png,4
036117.png,4
036118.png,1
036119.png,6
036120.png,8
036121.png,3
036122.png,1
036123.png,2
036124.png,1
036125.png,6
036126.png,4
036127.png,1
036128.png,4
036129.png,7
036130.png,3
036131.png,8
036132.png,6
036133.png,6
036134.png,6
036135.png,5
036136.png,1
036137.png,0
036138.png,3
036139.png,7
036140.png,0
036141.png,8
036142.png,8
036143.png,4
036144.png,6
036145.png,1
036146.png,0
036147.png,3
036148.png,7
036149.png,6
036150.png,2
036151.png,8
036152.png,3
036153.png,3
036154.png,1
036155.png,7
036156.png,8
036157.png,1
036158.png,2
036159.png,4
036160.png,5
036161.png,4
036162.png,5
036163.png,2
036164.png,6
036165.png,1
036166.png,0
036167.png,2
036168.png,8
036169.png,0
036170.png,3
036171.png,2
036172.png,4
036173.png,2
036174.png,8
036175.png,3
036176.png,8
036177.png,8
036178.png,1
036179.png,8
036180.png,3
036181.png,1
036182.png,7
036183.png,6
036184.png,6
036185.png,4
036186.png,4
036187.png,8
036188.png,0
036189.png,7
036190.png,8
036191.png,0
036192.png,8
036193.png,2
036194.png,8
036195.png,7
036196.png,8
036197.png,1
036198.png,7
036199.png,0
036200.png,3
036201.png,2
036202.png,8
036203.png,1
036204.png,8
036205.png,2
036206.png,5
036207.png,6
036208.png,1
036209.png,8
036210.png,6
036211.png,1
036212.png,7
036213.png,3
036214.png,7
036215.png,3
036216.png,4
036217.png,0
036218.png,2
036219.png,5
036220.png,5
036221.png,8
036222.png,6
036223.png,8
036224.png,8
036225.png,3
036226.png,3
036227.png,7
036228.png,6
036229.png,8
036230.png,0
036231.png,2
036232.png,8
036233.png,0
036234.png,1
036235.png,4
036236.png,3
036237.png,2
036238.png,1
036239.png,0
036240.png,4
036241.png,4
036242.png,5
036243.png,6
036244.png,7
036245.png,8
036246.png,2
036247.png,6
036248.png,3
036249.png,5
036250.png,3
036251.png,6
036252.png,2
036253.png,0
036254.png,6
036255.png,0
036256.png,6
036257.png,8
036258.png,3
036259.png,3
036260.png,4
036261.png,8
036262.png,1
036263.png,5
036264.png,6
036265.png,4
036266.png,5
036267.png,3
036268.png,5
036269.png,2
036270.png,4
036271.png,1
036272.png,1
036273.png,6
036274.png,3
036275.png,4
036276.png,2
036277.png,8
036278.png,3
036279.png,6
036280.png,1
036281.png,8
036282.png,5
036283.png,3
036284.png,7
036285.png,0
036286.png,0
036287.png,6
036288.png,0
036289.png,7
036290.png,8
036291.png,4
036292.png,4
036293.png,1
036294.png,4
036295.png,7
036296.png,5
036297.png,3
036298.png,2
036299.png,8
036300.png,3
036301.png,2
036302.png,4
036303.png,1
036304.png,0
036305.png,5
036306.png,1
036307.png,3
036308.png,1
036309.png,8
036310.png,5
036311.png,4
036312.png,1
036313.png,0
036314.png,8
036315.png,1
036316.png,3
036317.png,2
036318.png,7
036319.png,3
036320.png,1
036321.png,8
036322.png,6
036323.png,8
036324.png,1
036325.png,7
036326.png,4
036327.png,3
036328.png,6
036329.png,4
036330.png,3
036331.png,2
036332.png,3
036333.png,6
036334.png,2
036335.png,8
036336.png,0
036337.png,5
036338.png,3
036339.png,6
036340.png,8
036341.png,0
036342.png,0
036343.png,0
036344.png,0
036345.png,0
036346.png,8
036347.png,3
036348.png,6
036349.png,2
036350.png,6
036351.png,4
036352.png,8
036353.png,8
036354.png,7
036355.png,1
036356.png,3
036357.png,4
036358.png,3
036359.png,3
036360.png,2
036361.png,1
036362.png,8
036363.png,1
036364.png,6
036365.png,7
036366.png,5
036367.png,4
036368.png,0
036369.png,1
036370.png,7
036371.png,6
036372.png,6
036373.png,6
036374.png,4
036375.png,7
036376.png,7
036377.png,0
036378.png,5
036379.png,3
036380.png,4
036381.png,3
036382.png,7
036383.png,7
036384.png,4
036385.png,8
036386.png,1
036387.png,0
036388.png,0
036389.png,5
036390.png,7
036391.png,2
036392.png,4
036393.png,6
036394.png,3
036395.png,8
036396.png,3
036397.png,1
036398.png,0
036399.png,0
036400.png,5
036401.png,4
036402.png,4
036403.png,5
036404.png,7
036405.png,2
036406.png,5
036407.png,8
036408.png,8
036409.png,2
036410.png,3
036411.png,2
036412.png,2
036413.png,4
036414.png,0
036415.png,6
036416.png,2
036417.png,2
036418.png,1
036419.png,6
036420.png,0
036421.png,1
036422.png,1
036423.png,4
036424.png,4
036425.png,5
036426.png,4
036427.png,6
036428.png,2
036429.png,8
036430.png,2
036431.png,0
036432.png,0
036433.png,2
036434.png,2
036435.png,5
036436.png,2
036437.png,6
036438.png,8
036439.png,6
036440.png,4
036441.png,5
036442.png,8
036443.png,6
036444.png,3
036445.png,1
036446.png,1
036447.png,8
036448.png,3
036449.png,2
036450.png,0
036451.png,5
036452.png,4
036453.png,4
036454.png,0
036455.png,7
036456.png,7
036457.png,7
036458.png,1
036459.png,5
036460.png,5
036461.png,2
036462.png,4
036463.png,2
036464.png,2
036465.png,0
036466.png,8
036467.png,6
036468.png,5
036469.png,5
036470.png,0
036471.png,4
036472.png,5
036473.png,2
036474.png,8
036475.png,0
036476.png,5
036477.png,0
036478.png,5
036479.png,1
036480.png,5
036481.png,5
036482.png,4
036483.png,2
036484.png,7
036485.png,4
036486.png,8
036487.png,0
036488.png,5
036489.png,3
036490.png,4
036491.png,0
036492.png,8
036493.png,4
036494.png,3
036495.png,0
036496.png,7
036497.png,4
036498.png,6
036499.png,5
036500.png,1
036501.png,2
036502.png,2
036503.png,6
036504.png,3
036505.png,1
036506.png,1
036507.png,5
036508.png,1
036509.png,1
036510.png,3
036511.png,6
036512.png,8
036513.png,1
036514.png,8
036515.png,7
036516.png,7
036517.png,7
036518.png,4
036519.png,1
036520.png,3
036521.png,5
036522.png,2
036523.png,7
036524.png,4
036525.png,0
036526.png,0
036527.png,1
036528.png,8
036529.png,3
036530.png,7
036531.png,3
036532.png,1
036533.png,5
036534.png,1
036535.png,2
036536.png,6
036537.png,6
036538.png,6
036539.png,6
036540.png,3
036541.png,8
036542.png,2
036543.png,7
036544.png,4
036545.png,2
036546.png,3
036547.png,2
036548.png,6
036549.png,5
036550.png,0
036551.png,7
036552.png,7
036553.png,1
036554.png,7
036555.png,8
036556.png,7
036557.png,4
036558.png,2
036559.png,4
036560.png,1
036561.png,4
036562.png,3
036563.png,3
036564.png,7
036565.png,6
036566.png,2
036567.png,1
036568.png,1
036569.png,4
036570.png,8
036571.png,6
036572.png,2
036573.png,3
036574.png,0
036575.png,5
036576.png,0
036577.png,1
036578.png,7
036579.png,8
036580.png,5
036581.png,5
036582.png,4
036583.png,5
036584.png,2
036585.png,4
036586.png,8
036587.png,8
036588.png,8
036589.png,6
036590.png,5
036591.png,5
036592.png,0
036593.png,1
036594.png,7
036595.png,8
036596.png,7
036597.png,0
036598.png,6
036599.png,0
036600.png,2
036601.png,1
036602.png,1
036603.png,7
036604.png,5
036605.png,5
036606.png,3
036607.png,2
036608.png,5
036609.png,5
036610.png,6
036611.png,4
036612.png,6
036613.png,3
036614.png,3
036615.png,4
036616.png,0
036617.png,5
036618.png,2
036619.png,2
036620.png,3
036621.png,0
036622.png,5
036623.png,4
036624.png,8
036625.png,2
036626.png,4
036627.png,7
036628.png,2
036629.png,8
036630.png,1
036631.png,8
036632.png,4
036633.png,6
036634.png,0
036635.png,0
036636.png,4
036637.png,5
036638.png,4
036639.png,0
036640.png,0
036641.png,8
036642.png,4
036643.png,5
036644.png,1
036645.png,5
036646.png,6
036647.png,5
036648.png,5
036649.png,0
036650.png,6
036651.png,6
036652.png,3
036653.png,5
036654.png,3
036655.png,6
036656.png,3
036657.png,8
036658.png,0
036659.png,8
036660.png,6
036661.png,1
036662.png,8
036663.png,7
036664.png,3
036665.png,3
036666.png,5
036667.png,1
036668.png,3
036669.png,7
036670.png,1
036671.png,8
036672.png,1
036673.png,3
036674.png,2
036675.png,6
036676.png,2
036677.png,7
036678.png,8
036679.png,0
036680.png,0
036681.png,4
036682.png,6
036683.png,5
036684.png,0
036685.png,6
036686.png,7
036687.png,2
036688.png,6
036689.png,3
036690.png,1
036691.png,5
036692.png,4
036693.png,4
036694.png,0
036695.png,8
036696.png,2
036697.png,6
036698.png,1
036699.png,1
036700.png,6
036701.png,2
036702.png,4
036703.png,6
036704.png,2
036705.png,5
036706.png,6
036707.png,8
036708.png,0
036709.png,2
036710.png,7
036711.png,3
036712.png,3
036713.png,7
036714.png,6
036715.png,0
036716.png,5
036717.png,3
036718.png,2
036719.png,2
036720.png,7
036721.png,4
036722.png,7
036723.png,3
036724.png,0
036725.png,3
036726.png,8
036727.png,3
036728.png,4
036729.png,8
036730.png,7
036731.png,6
036732.png,3
036733.png,5
036734.png,5
036735.png,3
036736.png,4
036737.png,7
036738.png,4
036739.png,1
036740.png,1
036741.png,4
036742.png,6
036743.png,8
036744.png,3
036745.png,1
036746.png,6
036747.png,2
036748.png,4
036749.png,4
036750.png,3
036751.png,8
036752.png,8
036753.png,4
036754.png,1
036755.png,3
036756.png,7
036757.png,7
036758.png,0
036759.png,1
036760.png,0
036761.png,5
036762.png,6
036763.png,6
036764.png,7
036765.png,5
036766.png,4
036767.png,4
036768.png,0
036769.png,8
036770.png,4
036771.png,4
036772.png,7
036773.png,8
036774.png,2
036775.png,2
036776.png,7
036777.png,1
036778.png,0
036779.png,1
036780.png,2
036781.png,2
036782.png,7
036783.png,3
036784.png,0
036785.png,5
036786.png,5
036787.png,5
036788.png,0
036789.png,2
036790.png,0
036791.png,2
036792.png,2
036793.png,0
036794.png,0
036795.png,8
036796.png,7
036797.png,5
036798.png,7
036799.png,5
036800.png,0
036801.png,2
036802.png,5
036803.png,1
036804.png,4
036805.png,4
036806.png,7
036807.png,2
036808.png,4
036809.png,6
036810.png,3
036811.png,6
036812.png,2
036813.png,7
036814.png,2
036815.png,7
036816.png,1
036817.png,6
036818.png,7
036819.png,7
036820.png,1
036821.png,8
036822.png,8
036823.png,4
036824.png,3
036825.png,6
036826.png,1
036827.png,4
036828.png,0
036829.png,4
036830.png,7
036831.png,2
036832.png,4
036833.png,4
036834.png,2
036835.png,0
036836.png,3
036837.png,5
036838.png,1
036839.png,8
036840.png,1
036841.png,8
036842.png,7
036843.png,3
036844.png,5
036845.png,2
036846.png,0
036847.png,5
036848.png,8
036849.png,5
036850.png,3
036851.png,7
036852.png,2
036853.png,2
036854.png,7
036855.png,7
036856.png,5
036857.png,2
036858.png,0
036859.png,1
036860.png,6
036861.png,4
036862.png,3
036863.png,8
036864.png,6
036865.png,7
036866.png,0
036867.png,3
036868.png,5
036869.png,7
036870.png,6
036871.png,0
036872.png,7
036873.png,0
036874.png,8
036875.png,1
036876.png,8
036877.png,2
036878.png,5
036879.png,3
036880.png,0
036881.png,8
036882.png,3
036883.png,5
036884.png,4
036885.png,1
036886.png,6
036887.png,2
036888.png,0
036889.png,0
036890.png,4
036891.png,8
036892.png,0
036893.png,7
036894.png,8
036895.png,6
036896.png,6
036897.png,5
036898.png,5
036899.png,7
036900.png,7
036901.png,1
036902.png,4
036903.png,5
036904.png,7
036905.png,5
036906.png,2
036907.png,1
036908.png,6
036909.png,8
036910.png,6
036911.png,1
036912.png,1
036913.png,8
036914.png,4
036915.png,0
036916.png,4
036917.png,0
036918.png,2
036919.png,2
036920.png,3
036921.png,8
036922.png,3
036923.png,1
036924.png,0
036925.png,0
036926.png,5
036927.png,4
036928.png,0
036929.png,3
036930.png,4
036931.png,0
036932.png,1
036933.png,0
036934.png,6
036935.png,4
036936.png,1
036937.png,0
036938.png,3
036939.png,2
036940.png,5
036941.png,4
036942.png,6
036943.png,5
036944.png,3
036945.png,2
036946.png,6
036947.png,4
036948.png,3
036949.png,1
036950.png,3
036951.png,3
036952.png,3
036953.png,3
036954.png,6
036955.png,8
036956.png,5
036957.png,8
036958.png,6
036959.png,1
036960.png,3
036961.png,2
036962.png,3
036963.png,1
036964.png,8
036965.png,6
036966.png,0
036967.png,8
036968.png,5
036969.png,0
036970.png,8
036971.png,1
036972.png,3
036973.png,5
036974.png,3
036975.png,3
036976.png,2
036977.png,6
036978.png,2
036979.png,0
036980.png,4
036981.png,6
036982.png,7
036983.png,1
036984.png,7
036985.png,7
036986.png,8
036987.png,7
036988.png,8
036989.png,6
036990.png,0
036991.png,3
036992.png,4
036993.png,6
036994.png,1
036995.png,2
036996.png,7
036997.png,4
036998.png,4
036999.png,8
037000.png,7
037001.png,7
037002.png,7
037003.png,7
037004.png,8
037005.png,1
037006.png,3
037007.png,5
037008.png,7
037009.png,1
037010.png,8
037011.png,8
037012.png,0
037013.png,4
037014.png,0
037015.png,0
037016.png,3
037017.png,4
037018.png,0
037019.png,0
037020.png,0
037021.png,2
037022.png,0
037023.png,2
037024.png,5
037025.png,2
037026.png,7
037027.png,6
037028.png,4
037029.png,7
037030.png,5
037031.png,5
037032.png,2
037033.png,6
037034.png,7
037035.png,7
037036.png,3
037037.png,3
037038.png,4
037039.png,4
037040.png,4
037041.png,0
037042.png,5
037043.png,6
037044.png,2
037045.png,5
037046.png,6
037047.png,4
037048.png,2
037049.png,8
037050.png,1
037051.png,7
037052.png,0
037053.png,6
037054.png,8
037055.png,5
037056.png,7
037057.png,6
037058.png,8
037059.png,2
037060.png,2
037061.png,7
037062.png,2
037063.png,0
037064.png,6
037065.png,4
037066.png,2
037067.png,2
037068.png,6
037069.png,5
037070.png,3
037071.png,6
037072.png,6
037073.png,0
037074.png,4
037075.png,4
037076.png,5
037077.png,0
037078.png,8
037079.png,2
037080.png,3
037081.png,0
037082.png,0
037083.png,8
037084.png,3
037085.png,8
037086.png,2
037087.png,4
037088.png,7
037089.png,6
037090.png,8
037091.png,5
037092.png,7
037093.png,7
037094.png,6
037095.png,5
037096.png,7
037097.png,5
037098.png,6
037099.png,7
037100.png,2
037101.png,6
037102.png,0
037103.png,5
037104.png,6
037105.png,5
037106.png,8
037107.png,2
037108.png,1
037109.png,6
037110.png,7
037111.png,2
037112.png,7
037113.png,7
037114.png,3
037115.png,8
037116.png,1
037117.png,5
037118.png,0
037119.png,8
037120.png,7
037121.png,7
037122.png,7
037123.png,3
037124.png,2
037125.png,7
037126.png,8
037127.png,2
037128.png,1
037129.png,6
037130.png,3
037131.png,4
037132.png,5
037133.png,1
037134.png,6
037135.png,7
037136.png,4
037137.png,2
037138.png,3
037139.png,7
037140.png,4
037141.png,8
037142.png,2
037143.png,0
037144.png,0
037145.png,8
037146.png,0
037147.png,5
037148.png,7
037149.png,3
037150.png,7
037151.png,3
037152.png,4
037153.png,0
037154.png,8
037155.png,6
037156.png,7
037157.png,4
037158.png,5
037159.png,0
037160.png,6
037161.png,0
037162.png,3
037163.png,3
037164.png,2
037165.png,1
037166.png,2
037167.png,4
037168.png,0
037169.png,4
037170.png,6
037171.png,8
037172.png,1
037173.png,4
037174.png,1
037175.png,0
037176.png,0
037177.png,5
037178.png,4
037179.png,3
037180.png,6
037181.png,0
037182.png,8
037183.png,5
037184.png,7
037185.png,2
037186.png,5
037187.png,2
037188.png,2
037189.png,5
037190.png,6
037191.png,0
037192.png,4
037193.png,4
037194.png,3
037195.png,2
037196.png,4
037197.png,6
037198.png,4
037199.png,6
037200.png,5
037201.png,2
037202.png,1
037203.png,5
037204.png,7
037205.png,0
037206.png,7
037207.png,0
037208.png,3
037209.png,7
037210.png,8
037211.png,0
037212.png,6
037213.png,2
037214.png,7
037215.png,7
037216.png,5
037217.png,3
037218.png,3
037219.png,4
037220.png,4
037221.png,1
037222.png,6
037223.png,2
037224.png,8
037225.png,8
037226.png,8
037227.png,3
037228.png,2
037229.png,8
037230.png,6
037231.png,2
037232.png,0
037233.png,2
037234.png,8
037235.png,5
037236.png,1
037237.png,1
037238.png,8
037239.png,8
037240.png,6
037241.png,1
037242.png,2
037243.png,0
037244.png,0
037245.png,0
037246.png,8
037247.png,3
037248.png,2
037249.png,4
037250.png,2
037251.png,5
037252.png,4
037253.png,1
037254.png,7
037255.png,3
037256.png,4
037257.png,7
037258.png,5
037259.png,6
037260.png,5
037261.png,5
037262.png,3
037263.png,8
037264.png,5
037265.png,1
037266.png,8
037267.png,6
037268.png,0
037269.png,1
037270.png,3
037271.png,6
037272.png,1
037273.png,6
037274.png,4
037275.png,0
037276.png,3
037277.png,8
037278.png,8
037279.png,4
037280.png,2
037281.png,4
037282.png,7
037283.png,8
037284.png,1
037285.png,4
037286.png,4
037287.png,8
037288.png,5
037289.png,0
037290.png,0
037291.png,2
037292.png,6
037293.png,3
037294.png,1
037295.png,7
037296.png,3
037297.png,4
037298.png,5
037299.png,3
037300.png,1
037301.png,5
037302.png,4
037303.png,5
037304.png,0
037305.png,6
037306.png,0
037307.png,0
037308.png,5
037309.png,8
037310.png,0
037311.png,5
037312.png,6
037313.png,0
037314.png,7
037315.png,8
037316.png,4
037317.png,7
037318.png,8
037319.png,6
037320.png,6
037321.png,3
037322.png,8
037323.png,1
037324.png,0
037325.png,2
037326.png,7
037327.png,8
037328.png,3
037329.png,2
037330.png,1
037331.png,3
037332.png,1
037333.png,6
037334.png,6
037335.png,3
037336.png,4
037337.png,6
037338.png,0
037339.png,7
037340.png,0
037341.png,2
037342.png,6
037343.png,4
037344.png,7
037345.png,1
037346.png,8
037347.png,5
037348.png,1
037349.png,8
037350.png,1
037351.png,2
037352.png,3
037353.png,8
037354.png,6
037355.png,0
037356.png,1
037357.png,5
037358.png,7
037359.png,0
037360.png,1
037361.png,2
037362.png,1
037363.png,5
037364.png,5
037365.png,3
037366.png,7
037367.png,5
037368.png,6
037369.png,6
037370.png,4
037371.png,4
037372.png,2
037373.png,0
037374.png,8
037375.png,8
037376.png,7
037377.png,6
037378.png,8
037379.png,6
037380.png,1
037381.png,3
037382.png,4
037383.png,5
037384.png,6
037385.png,8
037386.png,7
037387.png,6
037388.png,8
037389.png,1
037390.png,4
037391.png,0
037392.png,7
037393.png,2
037394.png,8
037395.png,2
037396.png,0
037397.png,7
037398.png,8
037399.png,0
037400.png,1
037401.png,0
037402.png,8
037403.png,8
037404.png,8
037405.png,6
037406.png,2
037407.png,4
037408.png,6
037409.png,7
037410.png,7
037411.png,6
037412.png,7
037413.png,3
037414.png,2
037415.png,2
037416.png,2
037417.png,7
037418.png,4
037419.png,3
037420.png,8
037421.png,6
037422.png,8
037423.png,0
037424.png,3
037425.png,4
037426.png,8
037427.png,5
037428.png,2
037429.png,7
037430.png,2
037431.png,6
037432.png,3
037433.png,5
037434.png,2
037435.png,8
037436.png,3
037437.png,8
037438.png,6
037439.png,2
037440.png,2
037441.png,6
037442.png,1
037443.png,1
037444.png,0
037445.png,8
037446.png,2
037447.png,7
037448.png,5
037449.png,2
037450.png,6
037451.png,6
037452.png,6
037453.png,5
037454.png,7
037455.png,4
037456.png,1
037457.png,8
037458.png,4
037459.png,2
037460.png,0
037461.png,3
037462.png,0
037463.png,4
037464.png,0
037465.png,3
037466.png,6
037467.png,3
037468.png,6
037469.png,8
037470.png,6
037471.png,5
037472.png,8
037473.png,7
037474.png,5
037475.png,3
037476.png,0
037477.png,1
037478.png,8
037479.png,2
037480.png,7
037481.png,0
037482.png,5
037483.png,3
037484.png,2
037485.png,3
037486.png,7
037487.png,3
037488.png,6
037489.png,5
037490.png,3
037491.png,7
037492.png,4
037493.png,7
037494.png,3
037495.png,3
037496.png,5
037497.png,6
037498.png,2
037499.png,7
037500.png,3
037501.png,3
037502.png,1
037503.png,1
037504.png,0
037505.png,0
037506.png,8
037507.png,3
037508.png,0
037509.png,1
037510.png,7
037511.png,0
037512.png,3
037513.png,3
037514.png,5
037515.png,4
037516.png,0
037517.png,3
037518.png,3
037519.png,7
037520.png,3
037521.png,5
037522.png,5
037523.png,4
037524.png,7
037525.png,2
037526.png,4
037527.png,3
037528.png,3
037529.png,2
037530.png,0
037531.png,3
037532.png,4
037533.png,0
037534.png,8
037535.png,3
037536.png,1
037537.png,5
037538.png,8
037539.png,1
037540.png,2
037541.png,8
037542.png,8
037543.png,2
037544.png,2
037545.png,4
037546.png,2
037547.png,4
037548.png,1
037549.png,3
037550.png,4
037551.png,1
037552.png,1
037553.png,0
037554.png,1
037555.png,7
037556.png,2
037557.png,5
037558.png,4
037559.png,2
037560.png,7
037561.png,6
037562.png,2
037563.png,2
037564.png,2
037565.png,2
037566.png,7
037567.png,7
037568.png,1
037569.png,4
037570.png,2
037571.png,5
037572.png,5
037573.png,2
037574.png,8
037575.png,2
037576.png,1
037577.png,4
037578.png,0
037579.png,0
037580.png,8
037581.png,8
037582.png,3
037583.png,8
037584.png,6
037585.png,7
037586.png,2
037587.png,0
037588.png,4
037589.png,8
037590.png,1
037591.png,0
037592.png,3
037593.png,6
037594.png,8
037595.png,2
037596.png,7
037597.png,8
037598.png,2
037599.png,8
037600.png,4
037601.png,2
037602.png,7
037603.png,6
037604.png,3
037605.png,8
037606.png,5
037607.png,2
037608.png,8
037609.png,7
037610.png,6
037611.png,8
037612.png,2
037613.png,7
037614.png,2
037615.png,4
037616.png,3
037617.png,4
037618.png,3
037619.png,4
037620.png,2
037621.png,3
037622.png,2
037623.png,2
037624.png,6
037625.png,0
037626.png,7
037627.png,1
037628.png,5
037629.png,4
037630.png,1
037631.png,5
037632.png,0
037633.png,1
037634.png,5
037635.png,3
037636.png,0
037637.png,2
037638.png,7
037639.png,4
037640.png,7
037641.png,8
037642.png,2
037643.png,5
037644.png,2
037645.png,5
037646.png,6
037647.png,4
037648.png,3
037649.png,8
037650.png,6
037651.png,1
037652.png,3
037653.png,3
037654.png,3
037655.png,2
037656.png,3
037657.png,3
037658.png,3
037659.png,4
037660.png,2
037661.png,8
037662.png,8
037663.png,0
037664.png,0
037665.png,5
037666.png,8
037667.png,4
037668.png,6
037669.png,2
037670.png,7
037671.png,6
037672.png,5
037673.png,2
037674.png,6
037675.png,3
037676.png,4
037677.png,7
037678.png,8
037679.png,2
037680.png,3
037681.png,4
037682.png,8
037683.png,5
037684.png,3
037685.png,1
037686.png,4
037687.png,5
037688.png,3
037689.png,0
037690.png,3
037691.png,0
037692.png,6
037693.png,6
037694.png,2
037695.png,3
037696.png,7
037697.png,7
037698.png,0
037699.png,3
037700.png,7
037701.png,8
037702.png,6
037703.png,6
037704.png,5
037705.png,3
037706.png,6
037707.png,5
037708.png,0
037709.png,3
037710.png,4
037711.png,7
037712.png,4
037713.png,7
037714.png,2
037715.png,2
037716.png,8
037717.png,8
037718.png,5
037719.png,4
037720.png,4
037721.png,5
037722.png,1
037723.png,5
037724.png,4
037725.png,3
037726.png,3
037727.png,7
037728.png,0
037729.png,4
037730.png,1
037731.png,0
037732.png,5
037733.png,0
037734.png,1
037735.png,6
037736.png,8
037737.png,3
037738.png,4
037739.png,2
037740.png,0
037741.png,8
037742.png,2
037743.png,5
037744.png,5
037745.png,4
037746.png,2
037747.png,2
037748.png,0
037749.png,3
037750.png,0
037751.png,2
037752.png,8
037753.png,3
037754.png,1
037755.png,7
037756.png,8
037757.png,3
037758.png,2
037759.png,5
037760.png,8
037761.png,7
037762.png,7
037763.png,7
037764.png,2
037765.png,2
037766.png,5
037767.png,3
037768.png,8
037769.png,2
037770.png,5
037771.png,2
037772.png,3
037773.png,1
037774.png,7
037775.png,5
037776.png,2
037777.png,8
037778.png,3
037779.png,7
037780.png,6
037781.png,5
037782.png,1
037783.png,4
037784.png,2
037785.png,7
037786.png,0
037787.png,7
037788.png,1
037789.png,1
037790.png,0
037791.png,2
037792.png,6
037793.png,2
037794.png,2
037795.png,0
037796.png,0
037797.png,4
037798.png,1
037799.png,7
037800.png,5
037801.png,3
037802.png,0
037803.png,5
037804.png,3
037805.png,0
037806.png,5
037807.png,5
037808.png,5
037809.png,6
037810.png,3
037811.png,0
037812.png,4
037813.png,3
037814.png,7
037815.png,2
037816.png,3
037817.png,5
037818.png,2
037819.png,0
037820.png,3
037821.png,2
037822.png,4
037823.png,2
037824.png,7
037825.png,0
037826.png,0
037827.png,0
037828.png,7
037829.png,1
037830.png,8
037831.png,4
037832.png,6
037833.png,4
037834.png,2
037835.png,7
037836.png,2
037837.png,7
037838.png,5
037839.png,1
037840.png,0
037841.png,3
037842.png,8
037843.png,3
037844.png,1
037845.png,5
037846.png,1
037847.png,8
037848.png,3
037849.png,6
037850.png,3
037851.png,5
037852.png,1
037853.png,3
037854.png,3
037855.png,5
037856.png,3
037857.png,3
037858.png,6
037859.png,4
037860.png,3
037861.png,8
037862.png,5
037863.png,6
037864.png,5
037865.png,1
037866.png,4
037867.png,6
037868.png,0
037869.png,1
037870.png,5
037871.png,7
037872.png,5
037873.png,5
037874.png,3
037875.png,3
037876.png,8
037877.png,5
037878.png,4
037879.png,1
037880.png,5
037881.png,3
037882.png,7
037883.png,4
037884.png,8
037885.png,8
037886.png,6
037887.png,6
037888.png,3
037889.png,2
037890.png,8
037891.png,3
037892.png,7
037893.png,0
037894.png,5
037895.png,6
037896.png,1
037897.png,8
037898.png,3
037899.png,5
037900.png,8
037901.png,6
037902.png,4
037903.png,4
037904.png,4
037905.png,8
037906.png,4
037907.png,3
037908.png,8
037909.png,8
037910.png,0
037911.png,4
037912.png,7
037913.png,2
037914.png,6
037915.png,7
037916.png,4
037917.png,6
037918.png,7
037919.png,2
037920.png,7
037921.png,8
037922.png,8
037923.png,6
037924.png,6
037925.png,1
037926.png,2
037927.png,8
037928.png,2
037929.png,3
037930.png,8
037931.png,2
037932.png,0
037933.png,0
037934.png,7
037935.png,0
037936.png,1
037937.png,0
037938.png,6
037939.png,6
037940.png,7
037941.png,6
037942.png,0
037943.png,0
037944.png,8
037945.png,8
037946.png,8
037947.png,2
037948.png,6
037949.png,8
037950.png,2
037951.png,5
037952.png,4
037953.png,3
037954.png,4
037955.png,3
037956.png,4
037957.png,5
037958.png,2
037959.png,5
037960.png,7
037961.png,7
037962.png,4
037963.png,8
037964.png,6
037965.png,1
037966.png,1
037967.png,8
037968.png,7
037969.png,5
037970.png,6
037971.png,2
037972.png,6
037973.png,8
037974.png,2
037975.png,2
037976.png,0
037977.png,2
037978.png,3
037979.png,1
037980.png,7
037981.png,0
037982.png,4
037983.png,2
037984.png,4
037985.png,8
037986.png,6
037987.png,0
037988.png,0
037989.png,7
037990.png,8
037991.png,4
037992.png,8
037993.png,5
037994.png,3
037995.png,1
037996.png,6
037997.png,3
037998.png,2
037999.png,4
038000.png,1
038001.png,1
038002.png,5
038003.png,7
038004.png,3
038005.png,6
038006.png,6
038007.png,7
038008.png,8
038009.png,8
038010.png,4
038011.png,6
038012.png,8
038013.png,7
038014.png,1
038015.png,3
038016.png,1
038017.png,1
038018.png,5
038019.png,3
038020.png,5
038021.png,3
038022.png,2
038023.png,3
038024.png,0
038025.png,7
038026.png,0
038027.png,2
038028.png,1
038029.png,2
038030.png,7
038031.png,6
038032.png,1
038033.png,5
038034.png,5
038035.png,5
038036.png,8
038037.png,5
038038.png,7
038039.png,6
038040.png,8
038041.png,8
038042.png,3
038043.png,0
038044.png,5
038045.png,2
038046.png,5
038047.png,7
038048.png,6
038049.png,6
038050.png,2
038051.png,3
038052.png,3
038053.png,5
038054.png,4
038055.png,5
038056.png,5
038057.png,6
038058.png,0
038059.png,6
038060.png,3
038061.png,1
038062.png,0
038063.png,8
038064.png,5
038065.png,4
038066.png,2
038067.png,8
038068.png,4
038069.png,4
038070.png,4
038071.png,2
038072.png,7
038073.png,1
038074.png,1
038075.png,7
038076.png,2
038077.png,1
038078.png,0
038079.png,3
038080.png,1
038081.png,5
038082.png,4
038083.png,3
038084.png,4
038085.png,7
038086.png,2
038087.png,2
038088.png,2
038089.png,5
038090.png,0
038091.png,1
038092.png,4
038093.png,0
038094.png,6
038095.png,1
038096.png,3
038097.png,4
038098.png,0
038099.png,1
038100.png,1
038101.png,6
038102.png,6
038103.png,0
038104.png,6
038105.png,2
038106.png,6
038107.png,2
038108.png,3
038109.png,6
038110.png,7
038111.png,2
038112.png,5
038113.png,1
038114.png,7
038115.png,4
038116.png,2
038117.png,6
038118.png,4
038119.png,4
038120.png,0
038121.png,4
038122.png,8
038123.png,4
038124.png,4
038125.png,5
038126.png,1
038127.png,4
038128.png,7
038129.png,8
038130.png,8
038131.png,1
038132.png,7
038133.png,3
038134.png,3
038135.png,1
038136.png,2
038137.png,4
038138.png,2
038139.png,6
038140.png,8
038141.png,0
038142.png,1
038143.png,5
038144.png,8
038145.png,4
038146.png,3
038147.png,1
038148.png,3
038149.png,8
038150.png,1
038151.png,0
038152.png,5
038153.png,5
038154.png,1
038155.png,7
038156.png,7
038157.png,4
038158.png,6
038159.png,3
038160.png,2
038161.png,5
038162.png,3
038163.png,6
038164.png,1
038165.png,4
038166.png,8
038167.png,5
038168.png,4
038169.png,7
038170.png,7
038171.png,3
038172.png,3
038173.png,1
038174.png,5
038175.png,1
038176.png,0
038177.png,1
038178.png,5
038179.png,7
038180.png,4
038181.png,5
038182.png,4
038183.png,4
038184.png,6
038185.png,6
038186.png,7
038187.png,8
038188.png,8
038189.png,3
038190.png,1
038191.png,6
038192.png,8
038193.png,2
038194.png,6
038195.png,1
038196.png,2
038197.png,8
038198.png,3
038199.png,1
038200.png,3
038201.png,1
038202.png,1
038203.png,2
038204.png,4
038205.png,1
038206.png,7
038207.png,5
038208.png,3
038209.png,8
038210.png,1
038211.png,5
038212.png,7
038213.png,5
038214.png,2
038215.png,4
038216.png,1
038217.png,4
038218.png,6
038219.png,6
038220.png,2
038221.png,8
038222.png,0
038223.png,1
038224.png,6
038225.png,3
038226.png,6
038227.png,3
038228.png,4
038229.png,4
038230.png,3
038231.png,4
038232.png,0
038233.png,4
038234.png,6
038235.png,2
038236.png,1
038237.png,4
038238.png,0
038239.png,8
038240.png,1
038241.png,8
038242.png,7
038243.png,8
038244.png,7
038245.png,6
038246.png,6
038247.png,0
038248.png,8
038249.png,3
038250.png,0
038251.png,0
038252.png,2
038253.png,8
038254.png,1
038255.png,8
038256.png,0
038257.png,5
038258.png,4
038259.png,8
038260.png,0
038261.png,0
038262.png,4
038263.png,6
038264.png,3
038265.png,0
038266.png,6
038267.png,7
038268.png,8
038269.png,8
038270.png,5
038271.png,2
038272.png,7
038273.png,3
038274.png,6
038275.png,3
038276.png,6
038277.png,1
038278.png,0
038279.png,0
038280.png,3
038281.png,1
038282.png,5
038283.png,2
038284.png,7
038285.png,0
038286.png,4
038287.png,6
038288.png,2
038289.png,7
038290.png,7
038291.png,8
038292.png,3
038293.png,3
038294.png,4
038295.png,3
038296.png,5
038297.png,6
038298.png,6
038299.png,1
038300.png,6
038301.png,4
038302.png,1
038303.png,2
038304.png,4
038305.png,7
038306.png,3
038307.png,5
038308.png,0
038309.png,0
038310.png,2
038311.png,2
038312.png,5
038313.png,5
038314.png,4
038315.png,6
038316.png,6
038317.png,8
038318.png,4
038319.png,2
038320.png,1
038321.png,7
038322.png,2
038323.png,6
038324.png,5
038325.png,6
038326.png,4
038327.png,3
038328.png,8
038329.png,3
038330.png,4
038331.png,6
038332.png,0
038333.png,8
038334.png,8
038335.png,6
038336.png,6
038337.png,2
038338.png,7
038339.png,3
038340.png,5
038341.png,5
038342.png,5
038343.png,2
038344.png,2
038345.png,6
038346.png,5
038347.png,7
038348.png,5
038349.png,2
038350.png,8
038351.png,7
038352.png,2
038353.png,6
038354.png,3
038355.png,8
038356.png,3
038357.png,3
038358.png,4
038359.png,8
038360.png,4
038361.png,8
038362.png,0
038363.png,2
038364.png,2
038365.png,6
038366.png,1
038367.png,2
038368.png,1
038369.png,6
038370.png,6
038371.png,5
038372.png,0
038373.png,2
038374.png,5
038375.png,1
038376.png,2
038377.png,5
038378.png,1
038379.png,7
038380.png,0
038381.png,1
038382.png,6
038383.png,8
038384.png,4
038385.png,6
038386.png,8
038387.png,4
038388.png,8
038389.png,1
038390.png,3
038391.png,0
038392.png,3
038393.png,3
038394.png,0
038395.png,3
038396.png,6
038397.png,0
038398.png,5
038399.png,0
038400.png,1
038401.png,7
038402.png,8
038403.png,7
038404.png,8
038405.png,8
038406.png,4
038407.png,6
038408.png,0
038409.png,2
038410.png,0
038411.png,3
038412.png,6
038413.png,4
038414.png,5
038415.png,1
038416.png,3
038417.png,2
038418.png,1
038419.png,8
038420.png,7
038421.png,8
038422.png,1
038423.png,5
038424.png,6
038425.png,8
038426.png,5
038427.png,8
038428.png,1
038429.png,1
038430.png,8
038431.png,8
038432.png,5
038433.png,5
038434.png,4
038435.png,1
038436.png,6
038437.png,5
038438.png,1
038439.png,0
038440.png,7
038441.png,2
038442.png,2
038443.png,4
038444.png,0
038445.png,5
038446.png,7
038447.png,3
038448.png,7
038449.png,7
038450.png,1
038451.png,2
038452.png,4
038453.png,7
038454.png,1
038455.png,3
038456.png,0
038457.png,2
038458.png,3
038459.png,7
038460.png,7
038461.png,2
038462.png,1
038463.png,1
038464.png,3
038465.png,7
038466.png,1
038467.png,2
038468.png,2
038469.png,4
038470.png,6
038471.png,4
038472.png,6
038473.png,2
038474.png,8
038475.png,6
038476.png,3
038477.png,1
038478.png,3
038479.png,0
038480.png,7
038481.png,0
038482.png,0
038483.png,4
038484.png,4
038485.png,4
038486.png,8
038487.png,5
038488.png,7
038489.png,7
038490.png,7
038491.png,7
038492.png,4
038493.png,7
038494.png,8
038495.png,8
038496.png,8
038497.png,5
038498.png,4
038499.png,0
038500.png,8
038501.png,4
038502.png,5
038503.png,8
038504.png,6
038505.png,0
038506.png,8
038507.png,7
038508.png,3
038509.png,0
038510.png,0
038511.png,8
038512.png,2
038513.png,8
038514.png,3
038515.png,8
038516.png,4
038517.png,8
038518.png,0
038519.png,0
038520.png,2
038521.png,8
038522.png,6
038523.png,5
038524.png,3
038525.png,1
038526.png,6
038527.png,4
038528.png,3
038529.png,7
038530.png,0
038531.png,5
038532.png,0
038533.png,4
038534.png,5
038535.png,5
038536.png,7
038537.png,5
038538.png,1
038539.png,4
038540.png,1
038541.png,5
038542.png,1
038543.png,7
038544.png,3
038545.png,2
038546.png,8
038547.png,6
038548.png,7
038549.png,7
038550.png,1
038551.png,8
038552.png,0
038553.png,7
038554.png,0
038555.png,3
038556.png,6
038557.png,2
038558.png,2
038559.png,5
038560.png,7
038561.png,0
038562.png,0
038563.png,2
038564.png,6
038565.png,0
038566.png,0
038567.png,5
038568.png,6
038569.png,0
038570.png,0
038571.png,4
038572.png,3
038573.png,6
038574.png,8
038575.png,8
038576.png,4
038577.png,0
038578.png,7
038579.png,7
038580.png,3
038581.png,6
038582.png,5
038583.png,6
038584.png,1
038585.png,7
038586.png,2
038587.png,0
038588.png,3
038589.png,3
038590.png,4
038591.png,0
038592.png,3
038593.png,1
038594.png,8
038595.png,6
038596.png,2
038597.png,0
038598.png,6
038599.png,4
038600.png,4
038601.png,7
038602.png,7
038603.png,8
038604.png,6
038605.png,8
038606.png,6
038607.png,7
038608.png,0
038609.png,6
038610.png,3
038611.png,6
038612.png,0
038613.png,2
038614.png,7
038615.png,6
038616.png,4
038617.png,7
038618.png,2
038619.png,7
038620.png,8
038621.png,8
038622.png,2
038623.png,6
038624.png,5
038625.png,4
038626.png,5
038627.png,0
038628.png,5
038629.png,1
038630.png,4
038631.png,4
038632.png,3
038633.png,1
038634.png,2
038635.png,7
038636.png,2
038637.png,1
038638.png,0
038639.png,0
038640.png,6
038641.png,5
038642.png,8
038643.png,0
038644.png,5
038645.png,7
038646.png,3
038647.png,0
038648.png,2
038649.png,6
038650.png,0
038651.png,4
038652.png,3
038653.png,6
038654.png,1
038655.png,0
038656.png,8
038657.png,3
038658.png,7
038659.png,2
038660.png,4
038661.png,0
038662.png,4
038663.png,0
038664.png,8
038665.png,6
038666.png,5
038667.png,0
038668.png,6
038669.png,3
038670.png,3
038671.png,5
038672.png,7
038673.png,8
038674.png,2
038675.png,2
038676.png,7
038677.png,5
038678.png,3
038679.png,7
038680.png,0
038681.png,3
038682.png,7
038683.png,2
038684.png,8
038685.png,5
038686.png,1
038687.png,2
038688.png,5
038689.png,4
038690.png,4
038691.png,6
038692.png,4
038693.png,4
038694.png,5
038695.png,4
038696.png,2
038697.png,3
038698.png,1
038699.png,0
038700.png,0
038701.png,3
038702.png,6
038703.png,6
038704.png,1
038705.png,8
038706.png,2
038707.png,7
038708.png,5
038709.png,1
038710.png,6
038711.png,0
038712.png,5
038713.png,8
038714.png,0
038715.png,4
038716.png,0
038717.png,8
038718.png,5
038719.png,5
038720.png,5
038721.png,3
038722.png,8
038723.png,8
038724.png,5
038725.png,4
038726.png,8
038727.png,7
038728.png,5
038729.png,1
038730.png,6
038731.png,0
038732.png,4
038733.png,2
038734.png,0
038735.png,7
038736.png,6
038737.png,5
038738.png,6
038739.png,7
038740.png,2
038741.png,3
038742.png,6
038743.png,2
038744.png,0
038745.png,2
038746.png,1
038747.png,5
038748.png,6
038749.png,3
038750.png,3
038751.png,3
038752.png,5
038753.png,6
038754.png,7
038755.png,1
038756.png,3
038757.png,6
038758.png,2
038759.png,5
038760.png,7
038761.png,0
038762.png,6
038763.png,7
038764.png,8
038765.png,1
038766.png,2
038767.png,6
038768.png,2
038769.png,5
038770.png,8
038771.png,2
038772.png,6
038773.png,3
038774.png,5
038775.png,3
038776.png,4
038777.png,1
038778.png,2
038779.png,0
038780.png,6
038781.png,7
038782.png,7
038783.png,1
038784.png,5
038785.png,6
038786.png,8
038787.png,5
038788.png,4
038789.png,6
038790.png,1
038791.png,0
038792.png,3
038793.png,3
038794.png,1
038795.png,6
038796.png,7
038797.png,3
038798.png,5
038799.png,5
038800.png,8
038801.png,5
038802.png,3
038803.png,5
038804.png,6
038805.png,3
038806.png,5
038807.png,5
038808.png,0
038809.png,3
038810.png,2
038811.png,7
038812.png,4
038813.png,5
038814.png,6
038815.png,2
038816.png,4
038817.png,2
038818.png,2
038819.png,3
038820.png,3
038821.png,8
038822.png,5
038823.png,4
038824.png,2
038825.png,8
038826.png,2
038827.png,1
038828.png,7
038829.png,5
038830.png,2
038831.png,1
038832.png,0
038833.png,5
038834.png,2
038835.png,7
038836.png,0
038837.png,6
038838.png,6
038839.png,0
038840.png,0
038841.png,1
038842.png,4
038843.png,5
038844.png,5
038845.png,1
038846.png,1
038847.png,8
038848.png,7
038849.png,0
038850.png,0
038851.png,5
038852.png,6
038853.png,0
038854.png,2
038855.png,4
038856.png,4
038857.png,2
038858.png,4
038859.png,3
038860.png,8
038861.png,1
038862.png,0
038863.png,4
038864.png,4
038865.png,2
038866.png,5
038867.png,4
038868.png,8
038869.png,8
038870.png,7
038871.png,0
038872.png,0
038873.png,4
038874.png,5
038875.png,4
038876.png,7
038877.png,8
038878.png,3
038879.png,6
038880.png,4
038881.png,7
038882.png,1
038883.png,5
038884.png,3
038885.png,5
038886.png,3
038887.png,3
038888.png,5
038889.png,3
038890.png,2
038891.png,5
038892.png,3
038893.png,6
038894.png,6
038895.png,6
038896.png,5
038897.png,0
038898.png,5
038899.png,3
038900.png,5
038901.png,8
038902.png,2
038903.png,4
038904.png,4
038905.png,1
038906.png,5
038907.png,0
038908.png,1
038909.png,4
038910.png,5
038911.png,8
038912.png,4
038913.png,0
038914.png,2
038915.png,1
038916.png,6
038917.png,8
038918.png,6
038919.png,7
038920.png,8
038921.png,4
038922.png,5
038923.png,7
038924.png,2
038925.png,7
038926.png,7
038927.png,7
038928.png,0
038929.png,8
038930.png,1
038931.png,7
038932.png,5
038933.png,6
038934.png,5
038935.png,5
038936.png,8
038937.png,4
038938.png,3
038939.png,1
038940.png,1
038941.png,0
038942.png,8
038943.png,8
038944.png,0
038945.png,2
038946.png,0
038947.png,2
038948.png,0
038949.png,5
038950.png,7
038951.png,3
038952.png,8
038953.png,3
038954.png,8
038955.png,4
038956.png,6
038957.png,1
038958.png,8
038959.png,1
038960.png,8
038961.png,1
038962.png,8
038963.png,3
038964.png,0
038965.png,8
038966.png,4
038967.png,2
038968.png,3
038969.png,4
038970.png,3
038971.png,7
038972.png,1
038973.png,8
038974.png,1
038975.png,5
038976.png,6
038977.png,8
038978.png,4
038979.png,8
038980.png,0
038981.png,3
038982.png,4
038983.png,3
038984.png,2
038985.png,6
038986.png,5
038987.png,2
038988.png,2
038989.png,3
038990.png,2
038991.png,7
038992.png,0
038993.png,8
038994.png,0
038995.png,7
038996.png,1
038997.png,1
038998.png,8
038999.png,6
039000.png,3
039001.png,6
039002.png,6
039003.png,5
039004.png,2
039005.png,5
039006.png,7
039007.png,5
039008.png,7
039009.png,0
039010.png,2
039011.png,1
039012.png,5
039013.png,4
039014.png,0
039015.png,0
039016.png,4
039017.png,0
039018.png,6
039019.png,7
039020.png,2
039021.png,6
039022.png,2
039023.png,5
039024.png,2
039025.png,8
039026.png,6
039027.png,6
039028.png,8
039029.png,5
039030.png,7
039031.png,4
039032.png,7
039033.png,2
039034.png,7
039035.png,6
039036.png,0
039037.png,2
039038.png,0
039039.png,3
039040.png,0
039041.png,0
039042.png,5
039043.png,6
039044.png,4
039045.png,2
039046.png,8
039047.png,2
039048.png,4
039049.png,8
039050.png,6
039051.png,1
039052.png,2
039053.png,5
039054.png,4
039055.png,5
039056.png,7
039057.png,6
039058.png,4
039059.png,0
039060.png,7
039061.png,5
039062.png,0
039063.png,1
039064.png,0
039065.png,6
039066.png,6
039067.png,5
039068.png,6
039069.png,2
039070.png,7
039071.png,1
039072.png,6
039073.png,7
039074.png,3
039075.png,7
039076.png,7
039077.png,1
039078.png,7
039079.png,4
039080.png,2
039081.png,3
039082.png,0
039083.png,8
039084.png,6
039085.png,0
039086.png,8
039087.png,2
039088.png,5
039089.png,5
039090.png,7
039091.png,6
039092.png,6
039093.png,6
039094.png,4
039095.png,1
039096.png,0
039097.png,7
039098.png,4
039099.png,1
039100.png,7
039101.png,1
039102.png,5
039103.png,5
039104.png,5
039105.png,5
039106.png,2
039107.png,0
039108.png,0
039109.png,5
039110.png,3
039111.png,2
039112.png,7
039113.png,8
039114.png,3
039115.png,8
039116.png,2
039117.png,3
039118.png,1
039119.png,5
039120.png,2
039121.png,8
039122.png,7
039123.png,4
039124.png,2
039125.png,4
039126.png,5
039127.png,2
039128.png,0
039129.png,2
039130.png,3
039131.png,4
039132.png,4
039133.png,1
039134.png,7
039135.png,5
039136.png,1
039137.png,0
039138.png,4
039139.png,5
039140.png,2
039141.png,7
039142.png,7
039143.png,5
039144.png,8
039145.png,2
039146.png,2
039147.png,1
039148.png,8
039149.png,7
039150.png,5
039151.png,6
039152.png,6
039153.png,2
039154.png,6
039155.png,5
039156.png,2
039157.png,1
039158.png,7
039159.png,7
039160.png,3
039161.png,2
039162.png,6
039163.png,0
039164.png,5
039165.png,5
039166.png,4
039167.png,1
039168.png,0
039169.png,7
039170.png,6
039171.png,0
039172.png,1
039173.png,7
039174.png,2
039175.png,2
039176.png,6
039177.png,3
039178.png,5
039179.png,5
039180.png,7
039181.png,5
039182.png,8
039183.png,8
039184.png,1
039185.png,6
039186.png,0
039187.png,8
039188.png,4
039189.png,8
039190.png,6
039191.png,1
039192.png,1
039193.png,3
039194.png,8
039195.png,2
039196.png,5
039197.png,7
039198.png,3
039199.png,4
039200.png,6
039201.png,6
039202.png,4
039203.png,5
039204.png,5
039205.png,7
039206.png,8
039207.png,3
039208.png,0
039209.png,5
039210.png,7
039211.png,5
039212.png,0
039213.png,6
039214.png,6
039215.png,7
039216.png,5
039217.png,3
039218.png,3
039219.png,7
039220.png,4
039221.png,2
039222.png,4
039223.png,8
039224.png,3
039225.png,0
039226.png,2
039227.png,0
039228.png,1
039229.png,7
039230.png,3
039231.png,3
039232.png,4
039233.png,8
039234.png,3
039235.png,2
039236.png,6
039237.png,3
039238.png,6
039239.png,6
039240.png,2
039241.png,5
039242.png,2
039243.png,7
039244.png,0
039245.png,7
039246.png,4
039247.png,2
039248.png,4
039249.png,2
039250.png,2
039251.png,7
039252.png,4
039253.png,5
039254.png,0
039255.png,1
039256.png,2
039257.png,1
039258.png,3
039259.png,1
039260.png,8
039261.png,4
039262.png,3
039263.png,3
039264.png,7
039265.png,4
039266.png,5
039267.png,6
039268.png,3
039269.png,6
039270.png,5
039271.png,6
039272.png,3
039273.png,7
039274.png,4
039275.png,5
039276.png,1
039277.png,8
039278.png,1
039279.png,7
039280.png,7
039281.png,3
039282.png,7
039283.png,3
039284.png,4
039285.png,5
039286.png,5
039287.png,4
039288.png,6
039289.png,3
039290.png,7
039291.png,8
039292.png,3
039293.png,4
039294.png,2
039295.png,1
039296.png,0
039297.png,3
039298.png,0
039299.png,3
039300.png,1
039301.png,5
039302.png,5
039303.png,4
039304.png,0
039305.png,4
039306.png,4
039307.png,3
039308.png,2
039309.png,7
039310.png,5
039311.png,5
039312.png,7
039313.png,5
039314.png,5
039315.png,0
039316.png,1
039317.png,6
039318.png,2
039319.png,2
039320.png,3
039321.png,6
039322.png,5
039323.png,0
039324.png,5
039325.png,6
039326.png,1
039327.png,4
039328.png,7
039329.png,6
039330.png,2
039331.png,3
039332.png,8
039333.png,8
039334.png,7
039335.png,3
039336.png,0
039337.png,6
039338.png,8
039339.png,5
039340.png,8
039341.png,2
039342.png,3
039343.png,0
039344.png,6
039345.png,7
039346.png,0
039347.png,4
039348.png,2
039349.png,5
039350.png,4
039351.png,1
039352.png,6
039353.png,6
039354.png,3
039355.png,7
039356.png,3
039357.png,0
039358.png,2
039359.png,0
039360.png,4
039361.png,0
039362.png,7
039363.png,2
039364.png,2
039365.png,2
039366.png,7
039367.png,7
039368.png,7
039369.png,4
039370.png,4
039371.png,3
039372.png,0
039373.png,6
039374.png,4
039375.png,6
039376.png,0
039377.png,0
039378.png,3
039379.png,1
039380.png,4
039381.png,3
039382.png,0
039383.png,6
039384.png,2
039385.png,2
039386.png,3
039387.png,3
039388.png,3
039389.png,8
039390.png,4
039391.png,0
039392.png,8
039393.png,4
039394.png,3
039395.png,0
039396.png,3
039397.png,2
039398.png,0
039399.png,7
039400.png,8
039401.png,5
039402.png,1
039403.png,4
039404.png,5
039405.png,0
039406.png,6
039407.png,7
039408.png,0
039409.png,7
039410.png,2
039411.png,5
039412.png,3
039413.png,4
039414.png,1
039415.png,6
039416.png,8
039417.png,8
039418.png,2
039419.png,0
039420.png,2
039421.png,1
039422.png,2
039423.png,5
039424.png,0
039425.png,7
039426.png,2
039427.png,7
039428.png,5
039429.png,8
039430.png,6
039431.png,3
039432.png,6
039433.png,4
039434.png,4
039435.png,1
039436.png,2
039437.png,4
039438.png,6
039439.png,1
039440.png,8
039441.png,0
039442.png,5
039443.png,5
039444.png,4
039445.png,1
039446.png,3
039447.png,5
039448.png,5
039449.png,5
039450.png,1
039451.png,2
039452.png,4
039453.png,4
039454.png,3
039455.png,5
039456.png,6
039457.png,5
039458.png,1
039459.png,6
039460.png,8
039461.png,8
039462.png,1
039463.png,2
039464.png,3
039465.png,1
039466.png,1
039467.png,7
039468.png,0
039469.png,8
039470.png,1
039471.png,7
039472.png,8
039473.png,6
039474.png,7
039475.png,4
039476.png,2
039477.png,2
039478.png,0
039479.png,7
039480.png,5
039481.png,8
039482.png,2
039483.png,7
039484.png,8
039485.png,1
039486.png,2
039487.png,0
039488.png,0
039489.png,5
039490.png,4
039491.png,6
039492.png,2
039493.png,5
039494.png,8
039495.png,5
039496.png,1
039497.png,7
039498.png,2
039499.png,8
039500.png,8
039501.png,6
039502.png,6
039503.png,4
039504.png,7
039505.png,3
039506.png,6
039507.png,6
039508.png,1
039509.png,2
039510.png,1
039511.png,6
039512.png,1
039513.png,1
039514.png,4
039515.png,8
039516.png,6
039517.png,7
039518.png,6
039519.png,0
039520.png,4
039521.png,5
039522.png,6
039523.png,8
039524.png,6
039525.png,7
039526.png,2
039527.png,5
039528.png,4
039529.png,4
039530.png,1
039531.png,5
039532.png,7
039533.png,0
039534.png,6
039535.png,4
039536.png,2
039537.png,7
039538.png,2
039539.png,0
039540.png,3
039541.png,2
039542.png,0
039543.png,2
039544.png,8
039545.png,5
039546.png,6
039547.png,0
039548.png,2
039549.png,5
039550.png,3
039551.png,8
039552.png,5
039553.png,3
039554.png,1
039555.png,5
039556.png,1
039557.png,5
039558.png,5
039559.png,1
039560.png,7
039561.png,0
039562.png,5
039563.png,0
039564.png,2
039565.png,0
039566.png,8
039567.png,3
039568.png,6
039569.png,0
039570.png,0
039571.png,1
039572.png,1
039573.png,2
039574.png,4
039575.png,8
039576.png,3
039577.png,3
039578.png,8
039579.png,7
039580.png,2
039581.png,2
039582.png,3
039583.png,7
039584.png,2
039585.png,8
039586.png,5
039587.png,1
039588.png,7
039589.png,5
039590.png,8
039591.png,4
039592.png,4
039593.png,8
039594.png,5
039595.png,1
039596.png,2
039597.png,3
039598.png,6
039599.png,6
039600.png,3
039601.png,8
039602.png,6
039603.png,0
039604.png,0
039605.png,7
039606.png,4
039607.png,1
039608.png,0
039609.png,3
039610.png,1
039611.png,0
039612.png,7
039613.png,0
039614.png,2
039615.png,3
039616.png,8
039617.png,7
039618.png,0
039619.png,4
039620.png,4
039621.png,7
039622.png,6
039623.png,3
039624.png,8
039625.png,4
039626.png,6
039627.png,6
039628.png,6
039629.png,1
039630.png,8
039631.png,6
039632.png,8
039633.png,8
039634.png,5
039635.png,8
039636.png,8
039637.png,0
039638.png,2
039639.png,1
039640.png,0
039641.png,8
039642.png,3
039643.png,3
039644.png,1
039645.png,0
039646.png,8
039647.png,1
039648.png,2
039649.png,2
039650.png,3
039651.png,8
039652.png,3
039653.png,7
039654.png,8
039655.png,0
039656.png,4
039657.png,1
039658.png,8
039659.png,4
039660.png,5
039661.png,2
039662.png,7
039663.png,5
039664.png,0
039665.png,8
039666.png,0
039667.png,2
039668.png,1
039669.png,3
039670.png,3
039671.png,1
039672.png,8
039673.png,4
039674.png,8
039675.png,2
039676.png,4
039677.png,5
039678.png,2
039679.png,8
039680.png,2
039681.png,2
039682.png,7
039683.png,5
039684.png,6
039685.png,2
039686.png,5
039687.png,0
039688.png,4
039689.png,5
039690.png,8
039691.png,8
039692.png,2
039693.png,7
039694.png,1
039695.png,2
039696.png,1
039697.png,5
039698.png,4
039699.png,1
039700.png,1
039701.png,6
039702.png,8
039703.png,7
039704.png,4
039705.png,4
039706.png,7
039707.png,6
039708.png,6
039709.png,2
039710.png,1
039711.png,6
039712.png,0
039713.png,1
039714.png,7
039715.png,6
039716.png,1
039717.png,6
039718.png,5
039719.png,8
039720.png,8
039721.png,7
039722.png,2
039723.png,8
039724.png,6
039725.png,6
039726.png,5
039727.png,8
039728.png,0
039729.png,6
039730.png,5
039731.png,8
039732.png,1
039733.png,8
039734.png,4
039735.png,4
039736.png,7
039737.png,6
039738.png,5
039739.png,3
039740.png,6
039741.png,7
039742.png,1
039743.png,1
039744.png,0
039745.png,0
039746.png,4
039747.png,4
039748.png,5
039749.png,3
039750.png,2
039751.png,4
039752.png,4
039753.png,5
039754.png,8
039755.png,4
039756.png,1
039757.png,8
039758.png,5
039759.png,5
039760.png,7
039761.png,6
039762.png,2
039763.png,2
039764.png,4
039765.png,1
039766.png,4
039767.png,1
039768.png,2
039769.png,7
039770.png,7
039771.png,0
039772.png,2
039773.png,0
039774.png,4
039775.png,7
039776.png,1
039777.png,4
039778.png,5
039779.png,7
039780.png,2
039781.png,1
039782.png,5
039783.png,2
039784.png,8
039785.png,1
039786.png,3
039787.png,5
039788.png,5
039789.png,5
039790.png,0
039791.png,4
039792.png,8
039793.png,4
039794.png,1
039795.png,3
039796.png,2
039797.png,2
039798.png,7
039799.png,7
039800.png,0
039801.png,3
039802.png,8
039803.png,6
039804.png,4
039805.png,5
039806.png,3
039807.png,2
039808.png,5
039809.png,8
039810.png,6
039811.png,4
039812.png,5
039813.png,3
039814.png,4
039815.png,2
039816.png,2
039817.png,1
039818.png,3
039819.png,8
039820.png,6
039821.png,1
039822.png,2
039823.png,6
039824.png,7
039825.png,8
039826.png,6
039827.png,0
039828.png,5
039829.png,4
039830.png,3
039831.png,6
039832.png,0
039833.png,1
039834.png,6
039835.png,7
039836.png,4
039837.png,6
039838.png,7
039839.png,2
039840.png,2
039841.png,8
039842.png,2
039843.png,8
039844.png,8
039845.png,8
039846.png,6
039847.png,8
039848.png,5
039849.png,7
039850.png,2
039851.png,8
039852.png,6
039853.png,8
039854.png,4
039855.png,8
039856.png,2
039857.png,3
039858.png,5
039859.png,0
039860.png,2
039861.png,3
039862.png,3
039863.png,8
039864.png,3
039865.png,3
039866.png,7
039867.png,8
039868.png,0
039869.png,7
039870.png,0
039871.png,1
039872.png,3
039873.png,0
039874.png,0
039875.png,1
039876.png,2
039877.png,0
039878.png,7
039879.png,5
039880.png,4
039881.png,7
039882.png,8
039883.png,6
039884.png,5
039885.png,0
039886.png,7
039887.png,4
039888.png,1
039889.png,4
039890.png,0
039891.png,5
039892.png,1
039893.png,8
039894.png,2
039895.png,6
039896.png,3
039897.png,7
039898.png,1
039899.png,3
039900.png,6
039901.png,3
039902.png,6
039903.png,8
039904.png,1
039905.png,5
039906.png,1
039907.png,2
039908.png,6
039909.png,3
039910.png,0
039911.png,6
039912.png,6
039913.png,2
039914.png,4
039915.png,5
039916.png,0
039917.png,8
039918.png,0
039919.png,8
039920.png,6
039921.png,2
039922.png,7
039923.png,4
039924.png,0
039925.png,7
039926.png,3
039927.png,0
039928.png,8
039929.png,6
039930.png,2
039931.png,5
039932.png,6
039933.png,5
039934.png,8
039935.png,0
039936.png,6
039937.png,2
039938.png,3
039939.png,5
039940.png,5
039941.png,0
039942.png,0
039943.png,6
039944.png,7
039945.png,3
039946.png,5
039947.png,8
039948.png,2
039949.png,7
039950.png,3
039951.png,3
039952.png,6
039953.png,5
039954.png,2
039955.png,6
039956.png,0
039957.png,1
039958.png,1
039959.png,1
039960.png,6
039961.png,8
039962.png,6
039963.png,1
039964.png,2
039965.png,0
039966.png,4
039967.png,1
039968.png,0
039969.png,0
039970.png,2
039971.png,8
039972.png,3
039973.png,2
039974.png,1
039975.png,1
039976.png,5
039977.png,6
039978.png,2
039979.png,0
039980.png,4
039981.png,1
039982.png,8
039983.png,2
039984.png,4
039985.png,4
039986.png,0
039987.png,3
039988.png,3
039989.png,2
039990.png,4
039991.png,4
039992.png,5
039993.png,1
039994.png,7
039995.png,0
039996.png,6
039997.png,2
039998.png,1
039999.png,7
040000.png,0
